{
  "__AUTOGENERATED_FILE_DO_NOT_MODIFY_THIS_FILE_MANUALLY": "THERE_IS_NO_DATA_ONLY_ZUUL",
  "__INPUT_ARTIFACTS_HASH": -2021105261,
  "__RESOLVED_ARTIFACTS_HASH": 802064366,
  "artifacts": {
    "com.google.auto.service:auto-service-annotations": {
      "shasums": {
        "jar": "16a76dd00a2650568447f5d6e3a9e2c809d9a42367d56b45215cfb89731f4d24"
      },
      "version": "1.1.1"
    },
    "com.google.code.findbugs:jsr305": {
      "shasums": {
        "jar": "766ad2a0783f2687962c8ad74ceecc38a28b9f72a2d085ee438b7813e928d0c7"
      },
      "version": "3.0.2"
    },
    "com.google.errorprone:error_prone_annotations": {
      "shasums": {
        "jar": "de25f2d9a2156529bd765f51d8efdfc0dfa7301e04efb9cc75b7f10cf5d0e0fb"
      },
      "version": "2.26.1"
    },
    "com.google.guava:failureaccess": {
      "shasums": {
        "jar": "8a8f81cf9b359e3f6dfa691a1e776985c061ef2f223c9b2c80753e1b458e8064"
      },
      "version": "1.0.2"
    },
    "com.google.guava:guava": {
      "shasums": {
        "jar": "452b2d9787b7d366fa8cf5ed9a1c40404542d05effa7a598da03bbbbb76d9f31"
      },
      "version": "33.2.1-jre"
    },
    "com.google.guava:listenablefuture": {
      "shasums": {
        "jar": "b372a037d4230aa57fbeffdef30fd6123f9c0c2db85d0aced00c91b974f33f99"
      },
      "version": "9999.0-empty-to-avoid-conflict-with-guava"
    },
    "com.google.j2objc:j2objc-annotations": {
      "shasums": {
        "jar": "88241573467ddca44ffd4d74aa04c2bbfd11bf7c17e0c342c94c9de7a70a7c64"
      },
      "version": "3.0.0"
    },
    "dev.failsafe:failsafe": {
      "shasums": {
        "jar": "2c5dc879a6dac7ea3a7b29d795e27bd49b8e7908b05c2f3e56053c19d79850f5"
      },
      "version": "3.3.2"
    },
    "io.opentelemetry.semconv:opentelemetry-semconv": {
      "shasums": {
        "jar": "745a86a75ecb5e03f464f05ea2dc76e0f04d07273c5509fa74f393bff9b222b7"
      },
      "version": "1.25.0-alpha"
    },
    "io.opentelemetry:opentelemetry-api": {
      "shasums": {
        "jar": "ffe18c37246fd34da9460b8d604825bb265c99d3c141698b770c31dd3e38f6c5"
      },
      "version": "1.39.0"
    },
    "io.opentelemetry:opentelemetry-api-incubator": {
      "shasums": {
        "jar": "ea84984fd86cc25b07e083af5cf39e764160bbe82ff0e2723610f8880a95af6f"
      },
      "version": "1.39.0-alpha"
    },
    "io.opentelemetry:opentelemetry-context": {
      "shasums": {
        "jar": "3c86e7de8cc34a2c1a6077b0409bafebe4321495e297e355c371d1cfd39c26f3"
      },
      "version": "1.39.0"
    },
    "io.opentelemetry:opentelemetry-exporter-logging": {
      "shasums": {
        "jar": "b7a678524678c1b1d695385b848980583e67f2ef87b3c00a4211db19f5f6e51b"
      },
      "version": "1.39.0"
    },
    "io.opentelemetry:opentelemetry-sdk": {
      "shasums": {
        "jar": "90d24b5066eda3a15e8739f1f48d0758e5b5c55b70f1e6e326b9471a1dfacc23"
      },
      "version": "1.39.0"
    },
    "io.opentelemetry:opentelemetry-sdk-common": {
      "shasums": {
        "jar": "f7adb493a05c0e348c4a56736da1ded238df85ef59dfd502e06d186b6b547f88"
      },
      "version": "1.39.0"
    },
    "io.opentelemetry:opentelemetry-sdk-extension-autoconfigure": {
      "shasums": {
        "jar": "292bef09c2e35154e6d580b46dd612f267166ee4069aa7116449b75e13739e88"
      },
      "version": "1.39.0"
    },
    "io.opentelemetry:opentelemetry-sdk-extension-autoconfigure-spi": {
      "shasums": {
        "jar": "771973839aa69e5ec03abd80e08fb046a71ba917b2b912ac9e8cd508e3dc0ea5"
      },
      "version": "1.39.0"
    },
    "io.opentelemetry:opentelemetry-sdk-logs": {
      "shasums": {
        "jar": "a8f2e26ed29940e607894e8d370ff3c495a1c664efb5c42ecfeb993699cd4b45"
      },
      "version": "1.39.0"
    },
    "io.opentelemetry:opentelemetry-sdk-metrics": {
      "shasums": {
        "jar": "b682910c1b3d19d79559e8f2de0ed32a997122df5f687c72893ae4a8d58f8418"
      },
      "version": "1.39.0"
    },
    "io.opentelemetry:opentelemetry-sdk-trace": {
      "shasums": {
        "jar": "2f152b730decb46a001f48b65420ae32f565e7b5c43afe88be3377455e0d41b8"
      },
      "version": "1.39.0"
    },
    "net.bytebuddy:byte-buddy": {
      "shasums": {
        "jar": "cde8f8f8e07bff3694aace0d9944ba755665a583b05d9153d41062285e9a8a61"
      },
      "version": "1.14.17"
    },
    "org.apache.commons:commons-exec": {
      "shasums": {
        "jar": "f51cf8bee467efe2be76e46fc08078d96afa280a794283364291beda892a67ef"
      },
      "version": "1.4.0"
    },
    "org.checkerframework:checker-qual": {
      "shasums": {
        "jar": "ccaedd33af0b7894d9f2f3b644f4d19e43928e32902e61ac4d10777830f5aac7"
      },
      "version": "3.42.0"
    },
    "org.seleniumhq.selenium:selenium-api": {
      "shasums": {
        "jar": "ecf6296711b837371df08c4cf4ffec6e3d21de61802d61cfe2db1c31db9bf8f3"
      },
      "version": "4.22.0"
    },
    "org.seleniumhq.selenium:selenium-chrome-driver": {
      "shasums": {
        "jar": "ab0e52e9ed99b71750f9781bc294467ec108956eeaa5c8f3e58ca1927dc46039"
      },
      "version": "4.22.0"
    },
    "org.seleniumhq.selenium:selenium-chromium-driver": {
      "shasums": {
        "jar": "92f1eba0ed8cdc56b2b46b02c5b8fb5da9bb0d1e5d2a79db95fef48506af9822"
      },
      "version": "4.22.0"
    },
    "org.seleniumhq.selenium:selenium-devtools-v124": {
      "shasums": {
        "jar": "d69169a1d8f0f1aabf2b97b4dc65fdaf70eb33b89c3891ccfe6755c3e5993374"
      },
      "version": "4.22.0"
    },
    "org.seleniumhq.selenium:selenium-devtools-v125": {
      "shasums": {
        "jar": "6669538ffb9c8197da7ef5795119cf8079c194ed2bbf8375bdf9ab6b7963c9e2"
      },
      "version": "4.22.0"
    },
    "org.seleniumhq.selenium:selenium-devtools-v126": {
      "shasums": {
        "jar": "734dd1c6595025d557d86161ce32a778c51137ca9a09ad809351a060e5525329"
      },
      "version": "4.22.0"
    },
    "org.seleniumhq.selenium:selenium-devtools-v85": {
      "shasums": {
        "jar": "14cc2cf3e74a6ab075264a0236b3964434d51e9b027efb240393ff545a64659d"
      },
      "version": "4.22.0"
    },
    "org.seleniumhq.selenium:selenium-edge-driver": {
      "shasums": {
        "jar": "5eac4022605ce6815ad6fa5392cbde56690b9956efac253ff911cb4e0eb90b96"
      },
      "version": "4.22.0"
    },
    "org.seleniumhq.selenium:selenium-firefox-driver": {
      "shasums": {
        "jar": "279d5ab1879650510ea7f22da5efd7b1da64f5782c77bd15ba5052eb9cfff7c1"
      },
      "version": "4.22.0"
    },
    "org.seleniumhq.selenium:selenium-http": {
      "shasums": {
        "jar": "c7b8687e1cbdfe9b23084d1a947c0987ce15b7b8ab920ba21532857fad2af870"
      },
      "version": "4.22.0"
    },
    "org.seleniumhq.selenium:selenium-ie-driver": {
      "shasums": {
        "jar": "de77faa8269f1717d8f479131fcead3398c0ea95c7bcad9cf158b693833e1465"
      },
      "version": "4.22.0"
    },
    "org.seleniumhq.selenium:selenium-java": {
      "shasums": {
        "jar": "b3353f45221a0228bebd234508f7cc9ec95f0123391c1ceb09262e51f8e1b3b8"
      },
      "version": "4.22.0"
    },
    "org.seleniumhq.selenium:selenium-json": {
      "shasums": {
        "jar": "8f43a631c0d75e15c4b3e21aefe6ad71bc0902c007ee5670441a8a1bc04ab861"
      },
      "version": "4.22.0"
    },
    "org.seleniumhq.selenium:selenium-manager": {
      "shasums": {
        "jar": "5cfb80dcf74061a1944e474a910bb2107478094f2b048aadcb71e2b6342c1d55"
      },
      "version": "4.22.0"
    },
    "org.seleniumhq.selenium:selenium-os": {
      "shasums": {
        "jar": "eccb5f3073dcc0f8293ec2990aaf901041f6a81bf8a4eafb9663c760a936a9b7"
      },
      "version": "4.22.0"
    },
    "org.seleniumhq.selenium:selenium-remote-driver": {
      "shasums": {
        "jar": "2f113798ba1d0301864481318d7299a494cb464b1aac706ea49845a2489aa994"
      },
      "version": "4.22.0"
    },
    "org.seleniumhq.selenium:selenium-safari-driver": {
      "shasums": {
        "jar": "04a7c0d3433044fecc9e6a9894ae077ddbbe9fa12f08fc2ffbe369f496c717d2"
      },
      "version": "4.22.0"
    },
    "org.seleniumhq.selenium:selenium-support": {
      "shasums": {
        "jar": "06b62a9ccdfa9f9abe90eb780e79ff0e17cf18a7c0c0453570e685dd530641c6"
      },
      "version": "4.22.0"
    }
  },
  "dependencies": {
    "com.google.guava:guava": [
      "com.google.code.findbugs:jsr305",
      "com.google.errorprone:error_prone_annotations",
      "com.google.guava:failureaccess",
      "com.google.guava:listenablefuture",
      "com.google.j2objc:j2objc-annotations",
      "org.checkerframework:checker-qual"
    ],
    "io.opentelemetry:opentelemetry-api": [
      "io.opentelemetry:opentelemetry-context"
    ],
    "io.opentelemetry:opentelemetry-api-incubator": [
      "io.opentelemetry:opentelemetry-api"
    ],
    "io.opentelemetry:opentelemetry-exporter-logging": [
      "io.opentelemetry:opentelemetry-sdk",
      "io.opentelemetry:opentelemetry-sdk-extension-autoconfigure-spi"
    ],
    "io.opentelemetry:opentelemetry-sdk": [
      "io.opentelemetry:opentelemetry-api",
      "io.opentelemetry:opentelemetry-sdk-common",
      "io.opentelemetry:opentelemetry-sdk-logs",
      "io.opentelemetry:opentelemetry-sdk-metrics",
      "io.opentelemetry:opentelemetry-sdk-trace"
    ],
    "io.opentelemetry:opentelemetry-sdk-common": [
      "io.opentelemetry:opentelemetry-api"
    ],
    "io.opentelemetry:opentelemetry-sdk-extension-autoconfigure": [
      "io.opentelemetry:opentelemetry-api-incubator",
      "io.opentelemetry:opentelemetry-sdk",
      "io.opentelemetry:opentelemetry-sdk-extension-autoconfigure-spi"
    ],
    "io.opentelemetry:opentelemetry-sdk-extension-autoconfigure-spi": [
      "io.opentelemetry:opentelemetry-sdk"
    ],
    "io.opentelemetry:opentelemetry-sdk-logs": [
      "io.opentelemetry:opentelemetry-api",
      "io.opentelemetry:opentelemetry-api-incubator",
      "io.opentelemetry:opentelemetry-sdk-common"
    ],
    "io.opentelemetry:opentelemetry-sdk-metrics": [
      "io.opentelemetry:opentelemetry-api",
      "io.opentelemetry:opentelemetry-api-incubator",
      "io.opentelemetry:opentelemetry-sdk-common"
    ],
    "io.opentelemetry:opentelemetry-sdk-trace": [
      "io.opentelemetry:opentelemetry-api",
      "io.opentelemetry:opentelemetry-api-incubator",
      "io.opentelemetry:opentelemetry-sdk-common"
    ],
    "org.seleniumhq.selenium:selenium-chrome-driver": [
      "com.google.auto.service:auto-service-annotations",
      "org.seleniumhq.selenium:selenium-api",
      "org.seleniumhq.selenium:selenium-chromium-driver",
      "org.seleniumhq.selenium:selenium-json",
      "org.seleniumhq.selenium:selenium-manager",
      "org.seleniumhq.selenium:selenium-remote-driver"
    ],
    "org.seleniumhq.selenium:selenium-chromium-driver": [
      "com.google.auto.service:auto-service-annotations",
      "org.seleniumhq.selenium:selenium-json",
      "org.seleniumhq.selenium:selenium-remote-driver"
    ],
    "org.seleniumhq.selenium:selenium-devtools-v124": [
      "com.google.auto.service:auto-service-annotations",
      "org.seleniumhq.selenium:selenium-api",
      "org.seleniumhq.selenium:selenium-json",
      "org.seleniumhq.selenium:selenium-remote-driver"
    ],
    "org.seleniumhq.selenium:selenium-devtools-v125": [
      "com.google.auto.service:auto-service-annotations",
      "org.seleniumhq.selenium:selenium-api",
      "org.seleniumhq.selenium:selenium-json",
      "org.seleniumhq.selenium:selenium-remote-driver"
    ],
    "org.seleniumhq.selenium:selenium-devtools-v126": [
      "com.google.auto.service:auto-service-annotations",
      "org.seleniumhq.selenium:selenium-api",
      "org.seleniumhq.selenium:selenium-json",
      "org.seleniumhq.selenium:selenium-remote-driver"
    ],
    "org.seleniumhq.selenium:selenium-devtools-v85": [
      "com.google.auto.service:auto-service-annotations",
      "org.seleniumhq.selenium:selenium-api",
      "org.seleniumhq.selenium:selenium-json",
      "org.seleniumhq.selenium:selenium-remote-driver"
    ],
    "org.seleniumhq.selenium:selenium-edge-driver": [
      "com.google.auto.service:auto-service-annotations",
      "org.seleniumhq.selenium:selenium-api",
      "org.seleniumhq.selenium:selenium-chromium-driver",
      "org.seleniumhq.selenium:selenium-manager",
      "org.seleniumhq.selenium:selenium-remote-driver"
    ],
    "org.seleniumhq.selenium:selenium-firefox-driver": [
      "com.google.auto.service:auto-service-annotations",
      "org.seleniumhq.selenium:selenium-api",
      "org.seleniumhq.selenium:selenium-devtools-v85",
      "org.seleniumhq.selenium:selenium-http",
      "org.seleniumhq.selenium:selenium-json",
      "org.seleniumhq.selenium:selenium-manager",
      "org.seleniumhq.selenium:selenium-remote-driver"
    ],
    "org.seleniumhq.selenium:selenium-http": [
      "com.google.auto.service:auto-service-annotations",
      "dev.failsafe:failsafe",
      "org.seleniumhq.selenium:selenium-api",
      "org.seleniumhq.selenium:selenium-json"
    ],
    "org.seleniumhq.selenium:selenium-ie-driver": [
      "com.google.auto.service:auto-service-annotations",
      "org.seleniumhq.selenium:selenium-api",
      "org.seleniumhq.selenium:selenium-manager",
      "org.seleniumhq.selenium:selenium-remote-driver"
    ],
    "org.seleniumhq.selenium:selenium-java": [
      "org.seleniumhq.selenium:selenium-api",
      "org.seleniumhq.selenium:selenium-chrome-driver",
      "org.seleniumhq.selenium:selenium-devtools-v124",
      "org.seleniumhq.selenium:selenium-devtools-v125",
      "org.seleniumhq.selenium:selenium-devtools-v126",
      "org.seleniumhq.selenium:selenium-devtools-v85",
      "org.seleniumhq.selenium:selenium-edge-driver",
      "org.seleniumhq.selenium:selenium-firefox-driver",
      "org.seleniumhq.selenium:selenium-ie-driver",
      "org.seleniumhq.selenium:selenium-remote-driver",
      "org.seleniumhq.selenium:selenium-safari-driver",
      "org.seleniumhq.selenium:selenium-support"
    ],
    "org.seleniumhq.selenium:selenium-json": [
      "org.seleniumhq.selenium:selenium-api"
    ],
    "org.seleniumhq.selenium:selenium-manager": [
      "org.seleniumhq.selenium:selenium-api",
      "org.seleniumhq.selenium:selenium-json",
      "org.seleniumhq.selenium:selenium-os"
    ],
    "org.seleniumhq.selenium:selenium-os": [
      "org.apache.commons:commons-exec",
      "org.seleniumhq.selenium:selenium-api"
    ],
    "org.seleniumhq.selenium:selenium-remote-driver": [
      "com.google.auto.service:auto-service-annotations",
      "com.google.guava:guava",
      "io.opentelemetry.semconv:opentelemetry-semconv",
      "io.opentelemetry:opentelemetry-api",
      "io.opentelemetry:opentelemetry-context",
      "io.opentelemetry:opentelemetry-exporter-logging",
      "io.opentelemetry:opentelemetry-sdk",
      "io.opentelemetry:opentelemetry-sdk-common",
      "io.opentelemetry:opentelemetry-sdk-extension-autoconfigure",
      "io.opentelemetry:opentelemetry-sdk-extension-autoconfigure-spi",
      "io.opentelemetry:opentelemetry-sdk-trace",
      "net.bytebuddy:byte-buddy",
      "org.seleniumhq.selenium:selenium-api",
      "org.seleniumhq.selenium:selenium-http",
      "org.seleniumhq.selenium:selenium-json",
      "org.seleniumhq.selenium:selenium-manager",
      "org.seleniumhq.selenium:selenium-os"
    ],
    "org.seleniumhq.selenium:selenium-safari-driver": [
      "com.google.auto.service:auto-service-annotations",
      "org.seleniumhq.selenium:selenium-api",
      "org.seleniumhq.selenium:selenium-remote-driver"
    ],
    "org.seleniumhq.selenium:selenium-support": [
      "com.google.auto.service:auto-service-annotations",
      "com.google.guava:guava",
      "net.bytebuddy:byte-buddy",
      "org.seleniumhq.selenium:selenium-api",
      "org.seleniumhq.selenium:selenium-json",
      "org.seleniumhq.selenium:selenium-remote-driver"
    ]
  },
  "packages": {
    "com.google.auto.service:auto-service-annotations": [
      "com.google.auto.service"
    ],
    "com.google.code.findbugs:jsr305": [
      "javax.annotation",
      "javax.annotation.concurrent",
      "javax.annotation.meta"
    ],
    "com.google.errorprone:error_prone_annotations": [
      "com.google.errorprone.annotations",
      "com.google.errorprone.annotations.concurrent"
    ],
    "com.google.guava:failureaccess": [
      "com.google.common.util.concurrent.internal"
    ],
    "com.google.guava:guava": [
      "com.google.common.annotations",
      "com.google.common.base",
      "com.google.common.base.internal",
      "com.google.common.cache",
      "com.google.common.collect",
      "com.google.common.escape",
      "com.google.common.eventbus",
      "com.google.common.graph",
      "com.google.common.hash",
      "com.google.common.html",
      "com.google.common.io",
      "com.google.common.math",
      "com.google.common.net",
      "com.google.common.primitives",
      "com.google.common.reflect",
      "com.google.common.util.concurrent",
      "com.google.common.xml",
      "com.google.thirdparty.publicsuffix"
    ],
    "com.google.j2objc:j2objc-annotations": [
      "com.google.j2objc.annotations"
    ],
    "dev.failsafe:failsafe": [
      "dev.failsafe",
      "dev.failsafe.event",
      "dev.failsafe.function",
      "dev.failsafe.internal",
      "dev.failsafe.internal.util",
      "dev.failsafe.spi"
    ],
    "io.opentelemetry.semconv:opentelemetry-semconv": [
      "io.opentelemetry.semconv"
    ],
    "io.opentelemetry:opentelemetry-api": [
      "io.opentelemetry.api",
      "io.opentelemetry.api.baggage",
      "io.opentelemetry.api.baggage.propagation",
      "io.opentelemetry.api.common",
      "io.opentelemetry.api.internal",
      "io.opentelemetry.api.logs",
      "io.opentelemetry.api.metrics",
      "io.opentelemetry.api.trace",
      "io.opentelemetry.api.trace.propagation",
      "io.opentelemetry.api.trace.propagation.internal"
    ],
    "io.opentelemetry:opentelemetry-api-incubator": [
      "io.opentelemetry.api.incubator.events",
      "io.opentelemetry.api.incubator.logs",
      "io.opentelemetry.api.incubator.metrics",
      "io.opentelemetry.api.incubator.propagation",
      "io.opentelemetry.api.incubator.trace"
    ],
    "io.opentelemetry:opentelemetry-context": [
      "io.opentelemetry.context",
      "io.opentelemetry.context.internal.shaded",
      "io.opentelemetry.context.propagation"
    ],
    "io.opentelemetry:opentelemetry-exporter-logging": [
      "io.opentelemetry.exporter.logging",
      "io.opentelemetry.exporter.logging.internal"
    ],
    "io.opentelemetry:opentelemetry-sdk": [
      "io.opentelemetry.sdk"
    ],
    "io.opentelemetry:opentelemetry-sdk-common": [
      "io.opentelemetry.sdk.common",
      "io.opentelemetry.sdk.common.export",
      "io.opentelemetry.sdk.common.internal",
      "io.opentelemetry.sdk.internal",
      "io.opentelemetry.sdk.resources"
    ],
    "io.opentelemetry:opentelemetry-sdk-extension-autoconfigure": [
      "io.opentelemetry.sdk.autoconfigure",
      "io.opentelemetry.sdk.autoconfigure.internal"
    ],
    "io.opentelemetry:opentelemetry-sdk-extension-autoconfigure-spi": [
      "io.opentelemetry.sdk.autoconfigure.spi",
      "io.opentelemetry.sdk.autoconfigure.spi.internal",
      "io.opentelemetry.sdk.autoconfigure.spi.logs",
      "io.opentelemetry.sdk.autoconfigure.spi.metrics",
      "io.opentelemetry.sdk.autoconfigure.spi.traces"
    ],
    "io.opentelemetry:opentelemetry-sdk-logs": [
      "io.opentelemetry.sdk.logs",
      "io.opentelemetry.sdk.logs.data",
      "io.opentelemetry.sdk.logs.export",
      "io.opentelemetry.sdk.logs.internal"
    ],
    "io.opentelemetry:opentelemetry-sdk-metrics": [
      "io.opentelemetry.sdk.metrics",
      "io.opentelemetry.sdk.metrics.data",
      "io.opentelemetry.sdk.metrics.export",
      "io.opentelemetry.sdk.metrics.internal",
      "io.opentelemetry.sdk.metrics.internal.aggregator",
      "io.opentelemetry.sdk.metrics.internal.concurrent",
      "io.opentelemetry.sdk.metrics.internal.data",
      "io.opentelemetry.sdk.metrics.internal.debug",
      "io.opentelemetry.sdk.metrics.internal.descriptor",
      "io.opentelemetry.sdk.metrics.internal.exemplar",
      "io.opentelemetry.sdk.metrics.internal.export",
      "io.opentelemetry.sdk.metrics.internal.state",
      "io.opentelemetry.sdk.metrics.internal.view"
    ],
    "io.opentelemetry:opentelemetry-sdk-trace": [
      "io.opentelemetry.internal.shaded.jctools.counters",
      "io.opentelemetry.internal.shaded.jctools.maps",
      "io.opentelemetry.internal.shaded.jctools.queues",
      "io.opentelemetry.internal.shaded.jctools.queues.atomic",
      "io.opentelemetry.internal.shaded.jctools.queues.atomic.unpadded",
      "io.opentelemetry.internal.shaded.jctools.queues.unpadded",
      "io.opentelemetry.internal.shaded.jctools.util",
      "io.opentelemetry.sdk.trace",
      "io.opentelemetry.sdk.trace.data",
      "io.opentelemetry.sdk.trace.export",
      "io.opentelemetry.sdk.trace.internal",
      "io.opentelemetry.sdk.trace.internal.data",
      "io.opentelemetry.sdk.trace.samplers"
    ],
    "net.bytebuddy:byte-buddy": [
      "net.bytebuddy",
      "net.bytebuddy.agent.builder",
      "net.bytebuddy.asm",
      "net.bytebuddy.build",
      "net.bytebuddy.description",
      "net.bytebuddy.description.annotation",
      "net.bytebuddy.description.enumeration",
      "net.bytebuddy.description.field",
      "net.bytebuddy.description.method",
      "net.bytebuddy.description.modifier",
      "net.bytebuddy.description.type",
      "net.bytebuddy.dynamic",
      "net.bytebuddy.dynamic.loading",
      "net.bytebuddy.dynamic.scaffold",
      "net.bytebuddy.dynamic.scaffold.inline",
      "net.bytebuddy.dynamic.scaffold.subclass",
      "net.bytebuddy.implementation",
      "net.bytebuddy.implementation.attribute",
      "net.bytebuddy.implementation.auxiliary",
      "net.bytebuddy.implementation.bind",
      "net.bytebuddy.implementation.bind.annotation",
      "net.bytebuddy.implementation.bytecode",
      "net.bytebuddy.implementation.bytecode.assign",
      "net.bytebuddy.implementation.bytecode.assign.primitive",
      "net.bytebuddy.implementation.bytecode.assign.reference",
      "net.bytebuddy.implementation.bytecode.collection",
      "net.bytebuddy.implementation.bytecode.constant",
      "net.bytebuddy.implementation.bytecode.member",
      "net.bytebuddy.jar.asm",
      "net.bytebuddy.jar.asm.commons",
      "net.bytebuddy.jar.asm.signature",
      "net.bytebuddy.matcher",
      "net.bytebuddy.pool",
      "net.bytebuddy.utility",
      "net.bytebuddy.utility.dispatcher",
      "net.bytebuddy.utility.nullability",
      "net.bytebuddy.utility.privilege",
      "net.bytebuddy.utility.visitor"
    ],
    "org.apache.commons:commons-exec": [
      "org.apache.commons.exec",
      "org.apache.commons.exec.environment",
      "org.apache.commons.exec.launcher",
      "org.apache.commons.exec.util"
    ],
    "org.checkerframework:checker-qual": [
      "org.checkerframework.checker.builder.qual",
      "org.checkerframework.checker.calledmethods.qual",
      "org.checkerframework.checker.compilermsgs.qual",
      "org.checkerframework.checker.fenum.qual",
      "org.checkerframework.checker.formatter.qual",
      "org.checkerframework.checker.guieffect.qual",
      "org.checkerframework.checker.i18n.qual",
      "org.checkerframework.checker.i18nformatter.qual",
      "org.checkerframework.checker.index.qual",
      "org.checkerframework.checker.initialization.qual",
      "org.checkerframework.checker.interning.qual",
      "org.checkerframework.checker.lock.qual",
      "org.checkerframework.checker.mustcall.qual",
      "org.checkerframework.checker.nullness.qual",
      "org.checkerframework.checker.optional.qual",
      "org.checkerframework.checker.propkey.qual",
      "org.checkerframework.checker.regex.qual",
      "org.checkerframework.checker.signature.qual",
      "org.checkerframework.checker.signedness.qual",
      "org.checkerframework.checker.tainting.qual",
      "org.checkerframework.checker.units.qual",
      "org.checkerframework.common.aliasing.qual",
      "org.checkerframework.common.initializedfields.qual",
      "org.checkerframework.common.reflection.qual",
      "org.checkerframework.common.returnsreceiver.qual",
      "org.checkerframework.common.subtyping.qual",
      "org.checkerframework.common.util.count.report.qual",
      "org.checkerframework.common.value.qual",
      "org.checkerframework.dataflow.qual",
      "org.checkerframework.framework.qual"
    ],
    "org.seleniumhq.selenium:selenium-api": [
      "org.openqa.selenium",
      "org.openqa.selenium.federatedcredentialmanagement",
      "org.openqa.selenium.html5",
      "org.openqa.selenium.interactions",
      "org.openqa.selenium.internal",
      "org.openqa.selenium.logging",
      "org.openqa.selenium.logging.profiler",
      "org.openqa.selenium.mobile",
      "org.openqa.selenium.net",
      "org.openqa.selenium.print",
      "org.openqa.selenium.virtualauthenticator"
    ],
    "org.seleniumhq.selenium:selenium-chrome-driver": [
      "org.openqa.selenium.chrome"
    ],
    "org.seleniumhq.selenium:selenium-chromium-driver": [
      "org.openqa.selenium.chromium"
    ],
    "org.seleniumhq.selenium:selenium-devtools-v124": [
      "org.openqa.selenium.devtools.v124",
      "org.openqa.selenium.devtools.v124.accessibility",
      "org.openqa.selenium.devtools.v124.accessibility.model",
      "org.openqa.selenium.devtools.v124.animation",
      "org.openqa.selenium.devtools.v124.animation.model",
      "org.openqa.selenium.devtools.v124.audits",
      "org.openqa.selenium.devtools.v124.audits.model",
      "org.openqa.selenium.devtools.v124.autofill",
      "org.openqa.selenium.devtools.v124.autofill.model",
      "org.openqa.selenium.devtools.v124.backgroundservice",
      "org.openqa.selenium.devtools.v124.backgroundservice.model",
      "org.openqa.selenium.devtools.v124.browser",
      "org.openqa.selenium.devtools.v124.browser.model",
      "org.openqa.selenium.devtools.v124.cachestorage",
      "org.openqa.selenium.devtools.v124.cachestorage.model",
      "org.openqa.selenium.devtools.v124.cast",
      "org.openqa.selenium.devtools.v124.cast.model",
      "org.openqa.selenium.devtools.v124.console",
      "org.openqa.selenium.devtools.v124.console.model",
      "org.openqa.selenium.devtools.v124.css",
      "org.openqa.selenium.devtools.v124.css.model",
      "org.openqa.selenium.devtools.v124.database",
      "org.openqa.selenium.devtools.v124.database.model",
      "org.openqa.selenium.devtools.v124.debugger",
      "org.openqa.selenium.devtools.v124.debugger.model",
      "org.openqa.selenium.devtools.v124.deviceaccess",
      "org.openqa.selenium.devtools.v124.deviceaccess.model",
      "org.openqa.selenium.devtools.v124.deviceorientation",
      "org.openqa.selenium.devtools.v124.dom",
      "org.openqa.selenium.devtools.v124.dom.model",
      "org.openqa.selenium.devtools.v124.domdebugger",
      "org.openqa.selenium.devtools.v124.domdebugger.model",
      "org.openqa.selenium.devtools.v124.domsnapshot",
      "org.openqa.selenium.devtools.v124.domsnapshot.model",
      "org.openqa.selenium.devtools.v124.domstorage",
      "org.openqa.selenium.devtools.v124.domstorage.model",
      "org.openqa.selenium.devtools.v124.emulation",
      "org.openqa.selenium.devtools.v124.emulation.model",
      "org.openqa.selenium.devtools.v124.eventbreakpoints",
      "org.openqa.selenium.devtools.v124.fedcm",
      "org.openqa.selenium.devtools.v124.fedcm.model",
      "org.openqa.selenium.devtools.v124.fetch",
      "org.openqa.selenium.devtools.v124.fetch.model",
      "org.openqa.selenium.devtools.v124.headlessexperimental",
      "org.openqa.selenium.devtools.v124.headlessexperimental.model",
      "org.openqa.selenium.devtools.v124.heapprofiler",
      "org.openqa.selenium.devtools.v124.heapprofiler.model",
      "org.openqa.selenium.devtools.v124.indexeddb",
      "org.openqa.selenium.devtools.v124.indexeddb.model",
      "org.openqa.selenium.devtools.v124.input",
      "org.openqa.selenium.devtools.v124.input.model",
      "org.openqa.selenium.devtools.v124.inspector",
      "org.openqa.selenium.devtools.v124.io",
      "org.openqa.selenium.devtools.v124.io.model",
      "org.openqa.selenium.devtools.v124.layertree",
      "org.openqa.selenium.devtools.v124.layertree.model",
      "org.openqa.selenium.devtools.v124.log",
      "org.openqa.selenium.devtools.v124.log.model",
      "org.openqa.selenium.devtools.v124.media",
      "org.openqa.selenium.devtools.v124.media.model",
      "org.openqa.selenium.devtools.v124.memory",
      "org.openqa.selenium.devtools.v124.memory.model",
      "org.openqa.selenium.devtools.v124.network",
      "org.openqa.selenium.devtools.v124.network.model",
      "org.openqa.selenium.devtools.v124.overlay",
      "org.openqa.selenium.devtools.v124.overlay.model",
      "org.openqa.selenium.devtools.v124.page",
      "org.openqa.selenium.devtools.v124.page.model",
      "org.openqa.selenium.devtools.v124.performance",
      "org.openqa.selenium.devtools.v124.performance.model",
      "org.openqa.selenium.devtools.v124.performancetimeline",
      "org.openqa.selenium.devtools.v124.performancetimeline.model",
      "org.openqa.selenium.devtools.v124.preload",
      "org.openqa.selenium.devtools.v124.preload.model",
      "org.openqa.selenium.devtools.v124.profiler",
      "org.openqa.selenium.devtools.v124.profiler.model",
      "org.openqa.selenium.devtools.v124.runtime",
      "org.openqa.selenium.devtools.v124.runtime.model",
      "org.openqa.selenium.devtools.v124.schema",
      "org.openqa.selenium.devtools.v124.schema.model",
      "org.openqa.selenium.devtools.v124.security",
      "org.openqa.selenium.devtools.v124.security.model",
      "org.openqa.selenium.devtools.v124.serviceworker",
      "org.openqa.selenium.devtools.v124.serviceworker.model",
      "org.openqa.selenium.devtools.v124.storage",
      "org.openqa.selenium.devtools.v124.storage.model",
      "org.openqa.selenium.devtools.v124.systeminfo",
      "org.openqa.selenium.devtools.v124.systeminfo.model",
      "org.openqa.selenium.devtools.v124.target",
      "org.openqa.selenium.devtools.v124.target.model",
      "org.openqa.selenium.devtools.v124.tethering",
      "org.openqa.selenium.devtools.v124.tethering.model",
      "org.openqa.selenium.devtools.v124.tracing",
      "org.openqa.selenium.devtools.v124.tracing.model",
      "org.openqa.selenium.devtools.v124.webaudio",
      "org.openqa.selenium.devtools.v124.webaudio.model",
      "org.openqa.selenium.devtools.v124.webauthn",
      "org.openqa.selenium.devtools.v124.webauthn.model"
    ],
    "org.seleniumhq.selenium:selenium-devtools-v125": [
      "org.openqa.selenium.devtools.v125",
      "org.openqa.selenium.devtools.v125.accessibility",
      "org.openqa.selenium.devtools.v125.accessibility.model",
      "org.openqa.selenium.devtools.v125.animation",
      "org.openqa.selenium.devtools.v125.animation.model",
      "org.openqa.selenium.devtools.v125.audits",
      "org.openqa.selenium.devtools.v125.audits.model",
      "org.openqa.selenium.devtools.v125.autofill",
      "org.openqa.selenium.devtools.v125.autofill.model",
      "org.openqa.selenium.devtools.v125.backgroundservice",
      "org.openqa.selenium.devtools.v125.backgroundservice.model",
      "org.openqa.selenium.devtools.v125.browser",
      "org.openqa.selenium.devtools.v125.browser.model",
      "org.openqa.selenium.devtools.v125.cachestorage",
      "org.openqa.selenium.devtools.v125.cachestorage.model",
      "org.openqa.selenium.devtools.v125.cast",
      "org.openqa.selenium.devtools.v125.cast.model",
      "org.openqa.selenium.devtools.v125.console",
      "org.openqa.selenium.devtools.v125.console.model",
      "org.openqa.selenium.devtools.v125.css",
      "org.openqa.selenium.devtools.v125.css.model",
      "org.openqa.selenium.devtools.v125.database",
      "org.openqa.selenium.devtools.v125.database.model",
      "org.openqa.selenium.devtools.v125.debugger",
      "org.openqa.selenium.devtools.v125.debugger.model",
      "org.openqa.selenium.devtools.v125.deviceaccess",
      "org.openqa.selenium.devtools.v125.deviceaccess.model",
      "org.openqa.selenium.devtools.v125.deviceorientation",
      "org.openqa.selenium.devtools.v125.dom",
      "org.openqa.selenium.devtools.v125.dom.model",
      "org.openqa.selenium.devtools.v125.domdebugger",
      "org.openqa.selenium.devtools.v125.domdebugger.model",
      "org.openqa.selenium.devtools.v125.domsnapshot",
      "org.openqa.selenium.devtools.v125.domsnapshot.model",
      "org.openqa.selenium.devtools.v125.domstorage",
      "org.openqa.selenium.devtools.v125.domstorage.model",
      "org.openqa.selenium.devtools.v125.emulation",
      "org.openqa.selenium.devtools.v125.emulation.model",
      "org.openqa.selenium.devtools.v125.eventbreakpoints",
      "org.openqa.selenium.devtools.v125.fedcm",
      "org.openqa.selenium.devtools.v125.fedcm.model",
      "org.openqa.selenium.devtools.v125.fetch",
      "org.openqa.selenium.devtools.v125.fetch.model",
      "org.openqa.selenium.devtools.v125.headlessexperimental",
      "org.openqa.selenium.devtools.v125.headlessexperimental.model",
      "org.openqa.selenium.devtools.v125.heapprofiler",
      "org.openqa.selenium.devtools.v125.heapprofiler.model",
      "org.openqa.selenium.devtools.v125.indexeddb",
      "org.openqa.selenium.devtools.v125.indexeddb.model",
      "org.openqa.selenium.devtools.v125.input",
      "org.openqa.selenium.devtools.v125.input.model",
      "org.openqa.selenium.devtools.v125.inspector",
      "org.openqa.selenium.devtools.v125.io",
      "org.openqa.selenium.devtools.v125.io.model",
      "org.openqa.selenium.devtools.v125.layertree",
      "org.openqa.selenium.devtools.v125.layertree.model",
      "org.openqa.selenium.devtools.v125.log",
      "org.openqa.selenium.devtools.v125.log.model",
      "org.openqa.selenium.devtools.v125.media",
      "org.openqa.selenium.devtools.v125.media.model",
      "org.openqa.selenium.devtools.v125.memory",
      "org.openqa.selenium.devtools.v125.memory.model",
      "org.openqa.selenium.devtools.v125.network",
      "org.openqa.selenium.devtools.v125.network.model",
      "org.openqa.selenium.devtools.v125.overlay",
      "org.openqa.selenium.devtools.v125.overlay.model",
      "org.openqa.selenium.devtools.v125.page",
      "org.openqa.selenium.devtools.v125.page.model",
      "org.openqa.selenium.devtools.v125.performance",
      "org.openqa.selenium.devtools.v125.performance.model",
      "org.openqa.selenium.devtools.v125.performancetimeline",
      "org.openqa.selenium.devtools.v125.performancetimeline.model",
      "org.openqa.selenium.devtools.v125.preload",
      "org.openqa.selenium.devtools.v125.preload.model",
      "org.openqa.selenium.devtools.v125.profiler",
      "org.openqa.selenium.devtools.v125.profiler.model",
      "org.openqa.selenium.devtools.v125.pwa",
      "org.openqa.selenium.devtools.v125.pwa.model",
      "org.openqa.selenium.devtools.v125.runtime",
      "org.openqa.selenium.devtools.v125.runtime.model",
      "org.openqa.selenium.devtools.v125.schema",
      "org.openqa.selenium.devtools.v125.schema.model",
      "org.openqa.selenium.devtools.v125.security",
      "org.openqa.selenium.devtools.v125.security.model",
      "org.openqa.selenium.devtools.v125.serviceworker",
      "org.openqa.selenium.devtools.v125.serviceworker.model",
      "org.openqa.selenium.devtools.v125.storage",
      "org.openqa.selenium.devtools.v125.storage.model",
      "org.openqa.selenium.devtools.v125.systeminfo",
      "org.openqa.selenium.devtools.v125.systeminfo.model",
      "org.openqa.selenium.devtools.v125.target",
      "org.openqa.selenium.devtools.v125.target.model",
      "org.openqa.selenium.devtools.v125.tethering",
      "org.openqa.selenium.devtools.v125.tethering.model",
      "org.openqa.selenium.devtools.v125.tracing",
      "org.openqa.selenium.devtools.v125.tracing.model",
      "org.openqa.selenium.devtools.v125.webaudio",
      "org.openqa.selenium.devtools.v125.webaudio.model",
      "org.openqa.selenium.devtools.v125.webauthn",
      "org.openqa.selenium.devtools.v125.webauthn.model"
    ],
    "org.seleniumhq.selenium:selenium-devtools-v126": [
      "org.openqa.selenium.devtools.v126",
      "org.openqa.selenium.devtools.v126.accessibility",
      "org.openqa.selenium.devtools.v126.accessibility.model",
      "org.openqa.selenium.devtools.v126.animation",
      "org.openqa.selenium.devtools.v126.animation.model",
      "org.openqa.selenium.devtools.v126.audits",
      "org.openqa.selenium.devtools.v126.audits.model",
      "org.openqa.selenium.devtools.v126.autofill",
      "org.openqa.selenium.devtools.v126.autofill.model",
      "org.openqa.selenium.devtools.v126.backgroundservice",
      "org.openqa.selenium.devtools.v126.backgroundservice.model",
      "org.openqa.selenium.devtools.v126.browser",
      "org.openqa.selenium.devtools.v126.browser.model",
      "org.openqa.selenium.devtools.v126.cachestorage",
      "org.openqa.selenium.devtools.v126.cachestorage.model",
      "org.openqa.selenium.devtools.v126.cast",
      "org.openqa.selenium.devtools.v126.cast.model",
      "org.openqa.selenium.devtools.v126.console",
      "org.openqa.selenium.devtools.v126.console.model",
      "org.openqa.selenium.devtools.v126.css",
      "org.openqa.selenium.devtools.v126.css.model",
      "org.openqa.selenium.devtools.v126.database",
      "org.openqa.selenium.devtools.v126.database.model",
      "org.openqa.selenium.devtools.v126.debugger",
      "org.openqa.selenium.devtools.v126.debugger.model",
      "org.openqa.selenium.devtools.v126.deviceaccess",
      "org.openqa.selenium.devtools.v126.deviceaccess.model",
      "org.openqa.selenium.devtools.v126.deviceorientation",
      "org.openqa.selenium.devtools.v126.dom",
      "org.openqa.selenium.devtools.v126.dom.model",
      "org.openqa.selenium.devtools.v126.domdebugger",
      "org.openqa.selenium.devtools.v126.domdebugger.model",
      "org.openqa.selenium.devtools.v126.domsnapshot",
      "org.openqa.selenium.devtools.v126.domsnapshot.model",
      "org.openqa.selenium.devtools.v126.domstorage",
      "org.openqa.selenium.devtools.v126.domstorage.model",
      "org.openqa.selenium.devtools.v126.emulation",
      "org.openqa.selenium.devtools.v126.emulation.model",
      "org.openqa.selenium.devtools.v126.eventbreakpoints",
      "org.openqa.selenium.devtools.v126.extensions",
      "org.openqa.selenium.devtools.v126.fedcm",
      "org.openqa.selenium.devtools.v126.fedcm.model",
      "org.openqa.selenium.devtools.v126.fetch",
      "org.openqa.selenium.devtools.v126.fetch.model",
      "org.openqa.selenium.devtools.v126.headlessexperimental",
      "org.openqa.selenium.devtools.v126.headlessexperimental.model",
      "org.openqa.selenium.devtools.v126.heapprofiler",
      "org.openqa.selenium.devtools.v126.heapprofiler.model",
      "org.openqa.selenium.devtools.v126.indexeddb",
      "org.openqa.selenium.devtools.v126.indexeddb.model",
      "org.openqa.selenium.devtools.v126.input",
      "org.openqa.selenium.devtools.v126.input.model",
      "org.openqa.selenium.devtools.v126.inspector",
      "org.openqa.selenium.devtools.v126.io",
      "org.openqa.selenium.devtools.v126.io.model",
      "org.openqa.selenium.devtools.v126.layertree",
      "org.openqa.selenium.devtools.v126.layertree.model",
      "org.openqa.selenium.devtools.v126.log",
      "org.openqa.selenium.devtools.v126.log.model",
      "org.openqa.selenium.devtools.v126.media",
      "org.openqa.selenium.devtools.v126.media.model",
      "org.openqa.selenium.devtools.v126.memory",
      "org.openqa.selenium.devtools.v126.memory.model",
      "org.openqa.selenium.devtools.v126.network",
      "org.openqa.selenium.devtools.v126.network.model",
      "org.openqa.selenium.devtools.v126.overlay",
      "org.openqa.selenium.devtools.v126.overlay.model",
      "org.openqa.selenium.devtools.v126.page",
      "org.openqa.selenium.devtools.v126.page.model",
      "org.openqa.selenium.devtools.v126.performance",
      "org.openqa.selenium.devtools.v126.performance.model",
      "org.openqa.selenium.devtools.v126.performancetimeline",
      "org.openqa.selenium.devtools.v126.performancetimeline.model",
      "org.openqa.selenium.devtools.v126.preload",
      "org.openqa.selenium.devtools.v126.preload.model",
      "org.openqa.selenium.devtools.v126.profiler",
      "org.openqa.selenium.devtools.v126.profiler.model",
      "org.openqa.selenium.devtools.v126.pwa",
      "org.openqa.selenium.devtools.v126.pwa.model",
      "org.openqa.selenium.devtools.v126.runtime",
      "org.openqa.selenium.devtools.v126.runtime.model",
      "org.openqa.selenium.devtools.v126.schema",
      "org.openqa.selenium.devtools.v126.schema.model",
      "org.openqa.selenium.devtools.v126.security",
      "org.openqa.selenium.devtools.v126.security.model",
      "org.openqa.selenium.devtools.v126.serviceworker",
      "org.openqa.selenium.devtools.v126.serviceworker.model",
      "org.openqa.selenium.devtools.v126.storage",
      "org.openqa.selenium.devtools.v126.storage.model",
      "org.openqa.selenium.devtools.v126.systeminfo",
      "org.openqa.selenium.devtools.v126.systeminfo.model",
      "org.openqa.selenium.devtools.v126.target",
      "org.openqa.selenium.devtools.v126.target.model",
      "org.openqa.selenium.devtools.v126.tethering",
      "org.openqa.selenium.devtools.v126.tethering.model",
      "org.openqa.selenium.devtools.v126.tracing",
      "org.openqa.selenium.devtools.v126.tracing.model",
      "org.openqa.selenium.devtools.v126.webaudio",
      "org.openqa.selenium.devtools.v126.webaudio.model",
      "org.openqa.selenium.devtools.v126.webauthn",
      "org.openqa.selenium.devtools.v126.webauthn.model"
    ],
    "org.seleniumhq.selenium:selenium-devtools-v85": [
      "org.openqa.selenium.devtools.v85",
      "org.openqa.selenium.devtools.v85.accessibility",
      "org.openqa.selenium.devtools.v85.accessibility.model",
      "org.openqa.selenium.devtools.v85.animation",
      "org.openqa.selenium.devtools.v85.animation.model",
      "org.openqa.selenium.devtools.v85.applicationcache",
      "org.openqa.selenium.devtools.v85.applicationcache.model",
      "org.openqa.selenium.devtools.v85.audits",
      "org.openqa.selenium.devtools.v85.audits.model",
      "org.openqa.selenium.devtools.v85.backgroundservice",
      "org.openqa.selenium.devtools.v85.backgroundservice.model",
      "org.openqa.selenium.devtools.v85.browser",
      "org.openqa.selenium.devtools.v85.browser.model",
      "org.openqa.selenium.devtools.v85.cachestorage",
      "org.openqa.selenium.devtools.v85.cachestorage.model",
      "org.openqa.selenium.devtools.v85.cast",
      "org.openqa.selenium.devtools.v85.cast.model",
      "org.openqa.selenium.devtools.v85.console",
      "org.openqa.selenium.devtools.v85.console.model",
      "org.openqa.selenium.devtools.v85.css",
      "org.openqa.selenium.devtools.v85.css.model",
      "org.openqa.selenium.devtools.v85.database",
      "org.openqa.selenium.devtools.v85.database.model",
      "org.openqa.selenium.devtools.v85.debugger",
      "org.openqa.selenium.devtools.v85.debugger.model",
      "org.openqa.selenium.devtools.v85.deviceorientation",
      "org.openqa.selenium.devtools.v85.dom",
      "org.openqa.selenium.devtools.v85.dom.model",
      "org.openqa.selenium.devtools.v85.domdebugger",
      "org.openqa.selenium.devtools.v85.domdebugger.model",
      "org.openqa.selenium.devtools.v85.domsnapshot",
      "org.openqa.selenium.devtools.v85.domsnapshot.model",
      "org.openqa.selenium.devtools.v85.domstorage",
      "org.openqa.selenium.devtools.v85.domstorage.model",
      "org.openqa.selenium.devtools.v85.emulation",
      "org.openqa.selenium.devtools.v85.emulation.model",
      "org.openqa.selenium.devtools.v85.fetch",
      "org.openqa.selenium.devtools.v85.fetch.model",
      "org.openqa.selenium.devtools.v85.headlessexperimental",
      "org.openqa.selenium.devtools.v85.headlessexperimental.model",
      "org.openqa.selenium.devtools.v85.heapprofiler",
      "org.openqa.selenium.devtools.v85.heapprofiler.model",
      "org.openqa.selenium.devtools.v85.indexeddb",
      "org.openqa.selenium.devtools.v85.indexeddb.model",
      "org.openqa.selenium.devtools.v85.input",
      "org.openqa.selenium.devtools.v85.input.model",
      "org.openqa.selenium.devtools.v85.inspector",
      "org.openqa.selenium.devtools.v85.io",
      "org.openqa.selenium.devtools.v85.io.model",
      "org.openqa.selenium.devtools.v85.layertree",
      "org.openqa.selenium.devtools.v85.layertree.model",
      "org.openqa.selenium.devtools.v85.log",
      "org.openqa.selenium.devtools.v85.log.model",
      "org.openqa.selenium.devtools.v85.media",
      "org.openqa.selenium.devtools.v85.media.model",
      "org.openqa.selenium.devtools.v85.memory",
      "org.openqa.selenium.devtools.v85.memory.model",
      "org.openqa.selenium.devtools.v85.network",
      "org.openqa.selenium.devtools.v85.network.model",
      "org.openqa.selenium.devtools.v85.overlay",
      "org.openqa.selenium.devtools.v85.overlay.model",
      "org.openqa.selenium.devtools.v85.page",
      "org.openqa.selenium.devtools.v85.page.model",
      "org.openqa.selenium.devtools.v85.performance",
      "org.openqa.selenium.devtools.v85.performance.model",
      "org.openqa.selenium.devtools.v85.profiler",
      "org.openqa.selenium.devtools.v85.profiler.model",
      "org.openqa.selenium.devtools.v85.runtime",
      "org.openqa.selenium.devtools.v85.runtime.model",
      "org.openqa.selenium.devtools.v85.schema",
      "org.openqa.selenium.devtools.v85.schema.model",
      "org.openqa.selenium.devtools.v85.security",
      "org.openqa.selenium.devtools.v85.security.model",
      "org.openqa.selenium.devtools.v85.serviceworker",
      "org.openqa.selenium.devtools.v85.serviceworker.model",
      "org.openqa.selenium.devtools.v85.storage",
      "org.openqa.selenium.devtools.v85.storage.model",
      "org.openqa.selenium.devtools.v85.systeminfo",
      "org.openqa.selenium.devtools.v85.systeminfo.model",
      "org.openqa.selenium.devtools.v85.target",
      "org.openqa.selenium.devtools.v85.target.model",
      "org.openqa.selenium.devtools.v85.tethering",
      "org.openqa.selenium.devtools.v85.tethering.model",
      "org.openqa.selenium.devtools.v85.tracing",
      "org.openqa.selenium.devtools.v85.tracing.model",
      "org.openqa.selenium.devtools.v85.webaudio",
      "org.openqa.selenium.devtools.v85.webaudio.model",
      "org.openqa.selenium.devtools.v85.webauthn",
      "org.openqa.selenium.devtools.v85.webauthn.model"
    ],
    "org.seleniumhq.selenium:selenium-edge-driver": [
      "org.openqa.selenium.edge"
    ],
    "org.seleniumhq.selenium:selenium-firefox-driver": [
      "org.openqa.selenium.firefox"
    ],
    "org.seleniumhq.selenium:selenium-http": [
      "org.openqa.selenium.remote.http",
      "org.openqa.selenium.remote.http.jdk"
    ],
    "org.seleniumhq.selenium:selenium-ie-driver": [
      "org.openqa.selenium.ie"
    ],
    "org.seleniumhq.selenium:selenium-json": [
      "org.openqa.selenium.json"
    ],
    "org.seleniumhq.selenium:selenium-manager": [
      "org.openqa.selenium.manager"
    ],
    "org.seleniumhq.selenium:selenium-os": [
      "org.openqa.selenium.io",
      "org.openqa.selenium.os"
    ],
    "org.seleniumhq.selenium:selenium-remote-driver": [
      "org.openqa.selenium.bidi",
      "org.openqa.selenium.bidi.browsingcontext",
      "org.openqa.selenium.bidi.log",
      "org.openqa.selenium.bidi.module",
      "org.openqa.selenium.bidi.network",
      "org.openqa.selenium.bidi.script",
      "org.openqa.selenium.bidi.storage",
      "org.openqa.selenium.concurrent",
      "org.openqa.selenium.devtools",
      "org.openqa.selenium.devtools.events",
      "org.openqa.selenium.devtools.idealized",
      "org.openqa.selenium.devtools.idealized.browser.model",
      "org.openqa.selenium.devtools.idealized.log",
      "org.openqa.selenium.devtools.idealized.log.model",
      "org.openqa.selenium.devtools.idealized.runtime.model",
      "org.openqa.selenium.devtools.idealized.target",
      "org.openqa.selenium.devtools.idealized.target.model",
      "org.openqa.selenium.devtools.noop",
      "org.openqa.selenium.remote",
      "org.openqa.selenium.remote.codec",
      "org.openqa.selenium.remote.codec.w3c",
      "org.openqa.selenium.remote.html5",
      "org.openqa.selenium.remote.internal",
      "org.openqa.selenium.remote.locators",
      "org.openqa.selenium.remote.mobile",
      "org.openqa.selenium.remote.service",
      "org.openqa.selenium.remote.tracing",
      "org.openqa.selenium.remote.tracing.empty",
      "org.openqa.selenium.remote.tracing.opentelemetry",
      "org.openqa.selenium.support.decorators"
    ],
    "org.seleniumhq.selenium:selenium-safari-driver": [
      "org.openqa.selenium.safari"
    ],
    "org.seleniumhq.selenium:selenium-support": [
      "org.openqa.selenium.support",
      "org.openqa.selenium.support.events",
      "org.openqa.selenium.support.locators",
      "org.openqa.selenium.support.pagefactory",
      "org.openqa.selenium.support.pagefactory.internal",
      "org.openqa.selenium.support.ui"
    ]
  },
  "repositories": {
    "https://repo1.maven.org/maven2/": [
      "com.google.auto.service:auto-service-annotations",
      "com.google.code.findbugs:jsr305",
      "com.google.errorprone:error_prone_annotations",
      "com.google.guava:failureaccess",
      "com.google.guava:guava",
      "com.google.guava:listenablefuture",
      "com.google.j2objc:j2objc-annotations",
      "dev.failsafe:failsafe",
      "io.opentelemetry.semconv:opentelemetry-semconv",
      "io.opentelemetry:opentelemetry-api",
      "io.opentelemetry:opentelemetry-api-incubator",
      "io.opentelemetry:opentelemetry-context",
      "io.opentelemetry:opentelemetry-exporter-logging",
      "io.opentelemetry:opentelemetry-sdk",
      "io.opentelemetry:opentelemetry-sdk-common",
      "io.opentelemetry:opentelemetry-sdk-extension-autoconfigure",
      "io.opentelemetry:opentelemetry-sdk-extension-autoconfigure-spi",
      "io.opentelemetry:opentelemetry-sdk-logs",
      "io.opentelemetry:opentelemetry-sdk-metrics",
      "io.opentelemetry:opentelemetry-sdk-trace",
      "net.bytebuddy:byte-buddy",
      "org.apache.commons:commons-exec",
      "org.checkerframework:checker-qual",
      "org.seleniumhq.selenium:selenium-api",
      "org.seleniumhq.selenium:selenium-chrome-driver",
      "org.seleniumhq.selenium:selenium-chromium-driver",
      "org.seleniumhq.selenium:selenium-devtools-v124",
      "org.seleniumhq.selenium:selenium-devtools-v125",
      "org.seleniumhq.selenium:selenium-devtools-v126",
      "org.seleniumhq.selenium:selenium-devtools-v85",
      "org.seleniumhq.selenium:selenium-edge-driver",
      "org.seleniumhq.selenium:selenium-firefox-driver",
      "org.seleniumhq.selenium:selenium-http",
      "org.seleniumhq.selenium:selenium-ie-driver",
      "org.seleniumhq.selenium:selenium-java",
      "org.seleniumhq.selenium:selenium-json",
      "org.seleniumhq.selenium:selenium-manager",
      "org.seleniumhq.selenium:selenium-os",
      "org.seleniumhq.selenium:selenium-remote-driver",
      "org.seleniumhq.selenium:selenium-safari-driver",
      "org.seleniumhq.selenium:selenium-support"
    ]
  },
  "services": {
    "io.opentelemetry:opentelemetry-exporter-logging": {
      "io.opentelemetry.sdk.autoconfigure.spi.logs.ConfigurableLogRecordExporterProvider": [
        "io.opentelemetry.exporter.logging.internal.ConsoleLogRecordExporterProvider",
        "io.opentelemetry.exporter.logging.internal.LoggingLogRecordExporterProvider"
      ],
      "io.opentelemetry.sdk.autoconfigure.spi.metrics.ConfigurableMetricExporterProvider": [
        "io.opentelemetry.exporter.logging.internal.ConsoleMetricExporterProvider",
        "io.opentelemetry.exporter.logging.internal.LoggingMetricExporterProvider"
      ],
      "io.opentelemetry.sdk.autoconfigure.spi.traces.ConfigurableSpanExporterProvider": [
        "io.opentelemetry.exporter.logging.internal.ConsoleSpanExporterProvider",
        "io.opentelemetry.exporter.logging.internal.LoggingSpanExporterProvider"
      ]
    },
    "io.opentelemetry:opentelemetry-sdk-extension-autoconfigure": {
      "io.opentelemetry.sdk.autoconfigure.spi.ResourceProvider": [
        "io.opentelemetry.sdk.autoconfigure.internal.EnvironmentResourceProvider"
      ]
    },
    "org.seleniumhq.selenium:selenium-chrome-driver": {
      "org.openqa.selenium.WebDriverInfo": [
        "org.openqa.selenium.chrome.ChromeDriverInfo"
      ],
      "org.openqa.selenium.remote.AdditionalHttpCommands": [
        "org.openqa.selenium.chrome.AddHasCasting",
        "org.openqa.selenium.chrome.AddHasCdp"
      ],
      "org.openqa.selenium.remote.AugmenterProvider": [
        "org.openqa.selenium.chrome.AddHasCasting",
        "org.openqa.selenium.chrome.AddHasCdp"
      ],
      "org.openqa.selenium.remote.service.DriverService$Builder": [
        "org.openqa.selenium.chrome.ChromeDriverService$Builder"
      ]
    },
    "org.seleniumhq.selenium:selenium-chromium-driver": {
      "org.openqa.selenium.remote.AdditionalHttpCommands": [
        "org.openqa.selenium.chromium.AddHasLaunchApp",
        "org.openqa.selenium.chromium.AddHasNetworkConditions",
        "org.openqa.selenium.chromium.AddHasPermissions"
      ],
      "org.openqa.selenium.remote.AugmenterProvider": [
        "org.openqa.selenium.chromium.AddHasLaunchApp",
        "org.openqa.selenium.chromium.AddHasNetworkConditions",
        "org.openqa.selenium.chromium.AddHasPermissions"
      ]
    },
    "org.seleniumhq.selenium:selenium-devtools-v124": {
      "org.openqa.selenium.devtools.CdpInfo": [
        "org.openqa.selenium.devtools.v124.v124CdpInfo"
      ]
    },
    "org.seleniumhq.selenium:selenium-devtools-v125": {
      "org.openqa.selenium.devtools.CdpInfo": [
        "org.openqa.selenium.devtools.v125.v125CdpInfo"
      ]
    },
    "org.seleniumhq.selenium:selenium-devtools-v126": {
      "org.openqa.selenium.devtools.CdpInfo": [
        "org.openqa.selenium.devtools.v126.v126CdpInfo"
      ]
    },
    "org.seleniumhq.selenium:selenium-devtools-v85": {
      "org.openqa.selenium.devtools.CdpInfo": [
        "org.openqa.selenium.devtools.v85.V85CdpInfo"
      ]
    },
    "org.seleniumhq.selenium:selenium-edge-driver": {
      "org.openqa.selenium.WebDriverInfo": [
        "org.openqa.selenium.edge.EdgeDriverInfo"
      ],
      "org.openqa.selenium.remote.AdditionalHttpCommands": [
        "org.openqa.selenium.edge.AddHasCasting",
        "org.openqa.selenium.edge.AddHasCdp"
      ],
      "org.openqa.selenium.remote.AugmenterProvider": [
        "org.openqa.selenium.edge.AddHasCasting",
        "org.openqa.selenium.edge.AddHasCdp"
      ],
      "org.openqa.selenium.remote.service.DriverService$Builder": [
        "org.openqa.selenium.edge.EdgeDriverService$Builder"
      ]
    },
    "org.seleniumhq.selenium:selenium-firefox-driver": {
      "org.openqa.selenium.WebDriverInfo": [
        "org.openqa.selenium.firefox.GeckoDriverInfo"
      ],
      "org.openqa.selenium.remote.AdditionalHttpCommands": [
        "org.openqa.selenium.firefox.AddHasContext",
        "org.openqa.selenium.firefox.AddHasExtensions",
        "org.openqa.selenium.firefox.AddHasFullPageScreenshot"
      ],
      "org.openqa.selenium.remote.AugmenterProvider": [
        "org.openqa.selenium.firefox.AddHasContext",
        "org.openqa.selenium.firefox.AddHasExtensions",
        "org.openqa.selenium.firefox.AddHasFullPageScreenshot"
      ],
      "org.openqa.selenium.remote.service.DriverService$Builder": [
        "org.openqa.selenium.firefox.GeckoDriverService$Builder"
      ]
    },
    "org.seleniumhq.selenium:selenium-http": {
      "org.openqa.selenium.remote.http.HttpClient$Factory": [
        "org.openqa.selenium.remote.http.jdk.JdkHttpClient$Factory"
      ]
    },
    "org.seleniumhq.selenium:selenium-ie-driver": {
      "org.openqa.selenium.WebDriverInfo": [
        "org.openqa.selenium.ie.InternetExplorerDriverInfo"
      ],
      "org.openqa.selenium.remote.service.DriverService$Builder": [
        "org.openqa.selenium.ie.InternetExplorerDriverService$Builder"
      ]
    },
    "org.seleniumhq.selenium:selenium-remote-driver": {
      "org.openqa.selenium.remote.AugmenterProvider": [
        "org.openqa.selenium.bidi.BiDiProvider",
        "org.openqa.selenium.devtools.DevToolsProvider"
      ]
    },
    "org.seleniumhq.selenium:selenium-safari-driver": {
      "org.openqa.selenium.WebDriverInfo": [
        "org.openqa.selenium.safari.SafariDriverInfo",
        "org.openqa.selenium.safari.SafariTechPreviewDriverInfo"
      ],
      "org.openqa.selenium.remote.AdditionalHttpCommands": [
        "org.openqa.selenium.safari.AddHasDebugger",
        "org.openqa.selenium.safari.AddHasPermissions"
      ],
      "org.openqa.selenium.remote.AugmenterProvider": [
        "org.openqa.selenium.safari.AddHasDebugger",
        "org.openqa.selenium.safari.AddHasPermissions"
      ],
      "org.openqa.selenium.remote.service.DriverService$Builder": [
        "org.openqa.selenium.safari.SafariDriverService$Builder",
        "org.openqa.selenium.safari.SafariTechPreviewDriverService$Builder"
      ]
    },
    "org.seleniumhq.selenium:selenium-support": {
      "org.openqa.selenium.remote.locators.CustomLocator": [
        "org.openqa.selenium.support.locators.RelativeLocatorServerSide"
      ]
    }
  },
  "version": "2"
}
